제목,가격,판매지수,출판년월
프로젝트 헤일메리,19800,655119,2026년 02월
품격 있는 대화를 위한 지식 브리핑,22500,163380,2026년 04월
안녕이라 그랬어,15120,559926,2025년 06월
타몬 군 지금 어느 쪽?! 12,5400,74220,2026년 05월
"2026 큰별쌤 최태성의 별별한국사 기출 500제 한국사능력검정시험 심화(1,2,3급)",19800,319287,2025년 12월
니체의 초월자,15210,281919,2025년 10월
흔한남매 22,15120,209625,2026년 04월
바다에서 온 소년,17820,78414,2026년 04월
내면 근력,19800,87186,2026년 04월
인생을 위한 최소한의 생각,17820,309213,2026년 02월
"2026 큰별쌤 최태성의 별별한국사 한국사능력검정시험 심화(1,2,3급) 하",16650,397683,2025년 12월
사춘기 엄마의 오장육부,16020,72477,2026년 04월
구멍청,15300,95457,2026년 05월
모순,11700,467991,2013년 04월
"2026 큰별쌤 최태성의 별별한국사 한국사능력검정시험 심화(1,2,3급) 상",17100,425346,2025년 12월
2026 선재국어 최우선 봉투 모의고사,22500,181329,2026년 04월
완벽한 원시인,19800,194091,2026년 03월
싯다르타,7200,199374,2002년 01월
21세기 대군부인 대본집 세트,54000,144297,2026년 05월
나쁜 일이 있어도 나쁜 날은 아니야,15120,90813,2026년 01월
제미나이 주식투자,18000,71256,2026년 04월
괴테는 모든 것을 말했다,15300,414846,2025년 11월
체호프 단편선,8100,42081,2002년 11월
위버멘쉬,16020,424260,2025년 03월
박곰희 연금 부자 수업,18900,541560,2025년 06월
누구나 오를 종목을 찾는 급등의 법칙,22500,32643,2026년 05월
자몽살구클럽,10800,350778,2025년 07월
무례한 세상에서 나를 지키는 법,17820,162768,2026년 03월
ETS 토익 정기시험 기출문제집 1000 Vol. 5 RC,19800,233910,2025년 12월
백지 앞에서,15750,63411,2026년 04월
2026 심우철 실전 동형 모의고사 Season 4,13500,24720,2026년 05월
ETS 토익 정기시험 기출문제집 1000 Vol. 5 LC,19800,217701,2025년 12월
아름다운 초저녁달 10,5400,20460,2026년 05월
포켓몬 생태도감,13500,81480,2026년 04월
이향인,15210,91275,2026년 03월
생각하라 그리고 부자가 되어라,16920,55494,2026년 04월
말하지 않고 말하기,21600,24252,2026년 05월
오후의 마지막 잔디,13500,41631,2026년 04월
부처님 말씀대로 살아보니,17010,153942,2026년 02월
2026 문동균 한국사 지방직 대비 실전 봉투 모의고사,11700,82284,2026년 04월
심리학은 어떻게 삶의 무기가 되는가,16920,33285,2026년 05월
나의 완벽한 장례식,17100,199611,2026년 01월
진보를 위한 주식투자,19800,318048,2025년 12월
2026 심우철 하프 모의고사 Season 5 : 지방직 대비,11700,54384,2026년 04월
살찌지 않는 몸,17820,55257,2026년 03월
데미안,7200,151434,2000년 12월
월드클래스,19800,20514,2026년 04월
코스모스,19800,229773,2006년 12월
정재승의 로봇 탐구 보고서 1,15120,29550,2026년 05월
"큰별쌤 최태성의 별별한국사 시대별 기출문제집 한국사능력검정시험 심화(1,2,3급)",17730,128355,2025년 06월
"AI, 신의 탄생 인간의 종말",19800,52524,2026년 04월
최소한의 삼국지 (10만 부 기념 도원결의 에디션),17550,324318,2025년 11월
세금 아는 형의 세무조사 이야기,18000,16920,2026년 05월
너를 아끼며 살아라,16650,294294,2025년 06월
돈의 심리학 (50만 부 기념 뉴 에디션),22320,114351,2026년 01월
처음 읽는 삼국지 4,15120,86139,2026년 04월
젊은 베르테르의 슬픔,8100,17190,2026년 05월
봄의 폭풍과 몬스터 8,5400,16530,2026년 05월
삶이 허기질 때 나는 교양을 읽는다,36000,17982,2026년 05월
2026 심우철 실전 동형 모의고사 Season 3,13500,94980,2026년 04월
혼모노 (리커버),16200,626277,2025년 03월
긴긴밤,11250,276717,2021년 02월
부의 사다리에 올라타라,20700,60789,2026년 04월
아르테미스,17820,90027,2021년 05월
체인소 맨 23,5400,15060,2026년 05월
다정한 사람이 이긴다 (스페셜 리커버),17100,168891,2026년 04월
엄마가 유령이 되었어!,10800,288093,2016년 05월
행복한 꿀벌 콜레트,15120,46257,2026년 04월
소년이 온다,13500,317877,2014년 05월
주식투자 무작정 따라하기,22500,64482,2026년 01월
페르세폴리스,28800,36117,2019년 06월
급류,12600,226029,2022년 12월
거꾸로 가는 하나님 나라,16200,40857,2026년 05월
돈의 속성 400쇄 리커버,16020,136911,2020년 06월
2026 제17회 젊은작가상 수상작품집,6930,87591,2026년 03월
흔한남매 과학 탐험대 17 뇌와 호르몬,15120,76515,2026년 04월
이지패스 2026 ADsP 데이터분석 준전문가,27000,139404,2026년 01월
2026 써니 행정법총론 봉투모의고사,10800,67251,2026년 04월
향기로운 꽃은 늠름하게 핀다 19 더블특전판,5400,80754,2026년 04월
마션,17820,88827,2021년 05월
"AI 버블, 반도체 실전 투자법",36000,44928,2026년 05월
어른의 감정을 돌보는 100일 필사 노트,18000,78531,2026년 04월
던전에서 만남을 추구하면 안 되는 걸까 21 소책자 특장판,18000,12990,2026년 05월
열혈강호 95,4950,41574,2026년 04월
흔한남매 방방곡곡 한국사 1,15120,98172,2026년 03월
오늘부터 300일,14850,23727,2021년 03월
해커스 토익 기출 VOCA (보카),11610,288735,2024년 08월
애태울 정도의 사랑을 알아라 2,6300,12450,2026년 05월
디그 잇 2 더블특전판,6300,12690,2026년 05월
가르쳐줘 집사 1,6300,26724,2026년 04월
이게 되네? 제미나이 완전 미친 활용법 81제,21600,79278,2026년 02월
운명을 보는 기술,16920,131634,2025년 10월
인간 실격,8100,110472,2004년 05월
10대를 위한 진짜를 보는 눈,16020,15408,2026년 05월
"끝까지 해 보자, 때밀이 장갑!",13500,45474,2026년 04월
자본주의 시대에서 살아남기 위한 최소한의 경제 공부,25200,169632,2025년 12월
혼자 공부하는 바이브 코딩 with 클로드 코드,27000,66585,2025년 12월
한자어 천재라면,13950,54480,2026년 03월
잘 자고 잘 먹는 아기의 시간표,19800,15891,2026년 05월
어른의 행복은 조용하다,16020,407220,2024년 11월
주식 투자를 잘한다는 것,19800,62121,2026년 04월
바깥은 여름,14400,75486,2017년 06월
2026 오정화 세법 - 지방세법 이거다1(기출·응용 문제편),28500,16410,2026년 05월
너를 미워할 시간에 나를 사랑하기로 했다,16920,159084,2024년 11월
할 수 있다! AI 주식 투자,22500,50064,2026년 04월
브람스를 좋아하세요...,9000,101109,2008년 05월
염승환의 ETF 완전 정복,21600,12780,2026년 05월
이기적 유전자 The Selfish Gene,18000,149961,2018년 10월
작두 2,15120,11880,2026년 05월
2026 이동기 영어 실전동형 모의고사 Vol.2,13500,44787,2026년 04월
코믹 블루록 35,5400,11280,2026년 05월
길고양이와 늑대 6,5400,10560,2026년 05월
작두 1,15120,11880,2026년 05월
행복할 거야 이래도 되나 싶을 정도로,16200,122523,2024년 07월
다크 심리학,19710,251850,2025년 07월
2026/27 똑똑한은경쌤 손해평가사 2차 이론서 +100% 무료강의,38700,26265,2026년 04월
"큰별쌤 최태성의 별별한국사 7일의 기적 한국사능력검정시험 심화(1,2,3급)",14850,79227,2024년 04월
이방인,9000,105708,2011년 03월
에그박사 18,15120,66483,2026년 04월
5번 레인 (30만 부 기념 리커버),12600,153810,2020년 09월
세이노의 가르침,6480,152103,2023년 03월
절창 切創,16200,274782,2025년 09월
2026 문동균 한국사 D-30 문단속 모의고사,14400,68697,2026년 02월
내 식탁 위의 개,16200,14316,2023년 12월
읽으면서 바로 써먹는 어린이 낱말 퍼즐,11700,32754,2026년 04월
듀얼 브레인,18900,166578,2025년 03월
피터케이의 이기는 투자 불변의 법칙,19800,83775,2026년 04월
세종의 나라 1,19800,76269,2026년 02월
1984,9900,106080,2003년 06월
2026/27 똑똑한은경쌤 손해평가사 2차 문제집 +100% 무료강의,31500,30378,2026년 04월
해커스 일본어 첫걸음 : 일본어 기초 20일 독학 완성!,12510,170763,2024년 05월
코스피 1만 넥스트 레벨,19800,65001,2026년 03월
왜 일하는가,16200,102606,2021년 04월
김재우의 기본 동사 100,19800,78753,2025년 12월
세종의 나라 2,19800,72123,2026년 02월
평생 월 500만 원 받는 월배당 ETF,20700,56796,2026년 03월
처음 읽는 그리스 로마 신화 14,15120,64194,2026년 03월
2026 이유진 국어 화제의 모의고사,18000,52803,2026년 04월
쿡연주의 달콤한 다이어트 레시피,20700,25830,2026년 05월
화산귀환 11~12 세트,31500,18192,2026년 04월
돈의 방정식,25200,142881,2026년 01월
어른의 품격을 채우는 100일 필사 노트,18000,292623,2025년 03월
쇼펜하우어 인생수업 (30만 부 기념 개정증보판),15750,159582,2024년 02월
아몬드 (청소년판),15120,99723,2023년 07월
꽃을 보듯 너를 본다,11700,104046,2015년 06월
해파리 만개,15120,40098,2026년 04월
꼬랑지네 떡집,11700,38646,2026년 04월
작별하지 않는다,15120,165768,2021년 09월
최소한의 한국사,17820,163785,2023년 06월
SQL 자격검정 실전문제,17460,87918,2023년 12월
마음의 주인은 언제나 나야,16920,66591,2026년 03월
총 균 쇠,26820,127920,2023년 05월
2026 해커스공무원 비비안 영어 매일 하프모의고사 20회분(9급 공무원),11700,10764,2026년 05월
동물농장,7200,75063,2001년 02월
빅터 프랭클의 죽음의 수용소에서,10800,48375,2026년 01월
데일 카네기 인간관계론 (50만부 돌파 초판 무삭제 완역본),10350,150864,2019년 10월
낭만적 연애와 그 후의 일상,15300,18684,2016년 08월
주식으로 부자됩시다,18000,38916,2026년 04월
순경씨와 나 1,6300,30117,2026년 04월
여덟 단어,15300,96222,2023년 06월
어린 왕자 : 미나리마 에디션,31500,38154,2026년 04월
내 인생의 배경지식 한 권 교양,23850,19647,2026년 04월
사피엔스,24120,128295,2015년 11월
도시는 무엇으로 사는가,18000,25905,2026년 03월
"사랑하라, 거짓된 천사들이여 6",5400,24744,2026년 04월
딱 1년만 미쳐라,17820,52017,2026년 03월
기억 전달자,14400,74514,2024년 03월
박태웅의 AI 강의 2026,20700,67050,2026년 03월
스페이스X 일론 머스크,23400,18582,2026년 04월
뇌가 멈추기 전에,17910,73995,2025년 07월
GACHIAKUTA 17,5400,7560,2026년 05월
죽은 왕녀를 위한 파반느 (양장 특별판),18000,110217,2025년 11월
라오어의 미국주식 무한매수법,14400,53586,2021년 06월
무지개 목욕탕,13500,41559,2026년 03월
사랑이 있으니 살아집디다,16200,129567,2026년 03월
2026 고종훈 한국사 지방직대비 동형모의고사,15300,28692,2026년 03월
나는 소망한다 내게 금지된 것을,13500,112989,2019년 04월
아주 작은 습관의 힘 (50만 부 기념 스페셜 에디션),16200,118209,2019년 02월
노르웨이의 숲,15300,88947,2017년 08월
이더리움 없는 미래는 없다,28800,8190,2026년 05월
만능문장으로 끝내는 토익스피킹 시계토끼 올인원 기본서,19980,45279,2025년 12월
1929,28800,29460,2026년 04월
"하루 한 장, 단단한 삶을 위한 고전 필사 노트",17910,15387,2026년 04월
다크 심리학 2,21780,25107,2026년 04월
어둠의 색조 1,17100,8478,2026년 04월
아픔의 문장들,15300,10098,2026년 05월
야마다 군과 Lv999의 사랑을 하다 7,7200,31968,2026년 04월
열다섯에 곰이라니,11700,49812,2022년 12월
대형주 추세추종 투자법칙,19800,161373,2025년 11월
이중 하나는 거짓말,14400,56163,2024년 08월
해커스 일본어 첫걸음 히라가나 가타카나 쓰기노트,7200,95625,2024년 06월
2027 소방직 시험대비 SO NICE 백소나 소방학개론 기본서,38700,27474,2026년 04월
나의 사탄,11700,23493,2026년 04월
김재우의 기초 영어회화 100,17010,105702,2024년 12월
차대기를 찾습니다,11700,16860,2021년 06월
천 개의 파랑,15300,78633,2020년 08월
하루 한 장 나의 어휘력을 위한 필사 노트,21420,208011,2024년 10월
순례 주택,13500,111819,2021년 03월
ETS 토익 단기공략 750+ (LC+RC),17550,135504,2025년 07월
세계를 건너 너에게 갈게,12150,90009,2018년 02월
비밀의 책,16920,8244,2026년 04월
황천의 츠가이 10 더블특전판,5850,30093,2026년 04월
초판본 어린왕자,2700,83223,2021년 10월
얼마나 발칙해도 될까,15300,7320,2026년 05월
오가미 츠미키와 기일상 6,5400,6720,2026년 05월
라면 사면 과학 드립니다,13500,30282,2026년 04월
삶으로 다시 날아오르기,16200,35958,2026년 03월
끝까지 해내는 마음은 어떻게 탄생하는가,17910,36603,2026년 04월
해커스 Updated 토플 라이팅 (Hackers Updated TOEFL WRITING),25200,40374,2025년 11월
렛뎀 이론,18000,199872,2025년 08월
자본주의,19800,88923,2013년 09월
네가 어떤 삶을 살든 나는 너를 응원할 것이다 2,17100,9240,2026년 05월
라오어의 미국주식 밸류 리밸런싱,16200,42213,2022년 08월
AI 이후의 미래 어떻게 될 것인가,16920,17598,2026년 05월
코믹 전생했더니 슬라임이었던 건에 대하여 30,6300,6630,2026년 05월
세상에서 가장 좋은 문장 필사,19800,14385,2026년 04월
너에게 들려주는 단단한 말,16200,157131,2024년 07월
채식주의자,15300,136185,2022년 03월
사랑의 기술,15300,86007,2019년 09월
11일에 완성하는 서경석의 다이어트 한국사능력검정시험 심화(1·2·3급),18000,41109,2026년 01월
나나 올리브에게,13500,97545,2025년 11월
[예스리커버] 미술관에 간 할미,18900,112935,2025년 06월
시간 고양이 8,13500,20640,2026년 04월
연민에 관하여,18000,19317,2026년 03월
해커스 Updated 토플 스피킹 (Hackers Updated TOEFL SPEAKING),25200,37860,2025년 11월
초판본 하늘과 바람과 별과 시,2700,113769,2024년 12월
홍학의 자리 (금기 에디션),12600,104250,2026년 03월
생각에 관한 생각,26820,66036,2018년 03월
정의란 무엇인가,16200,72882,2014년 11월
달과 6펜스,9000,51087,2000년 06월
흔한남매 이상한 나라의 고전 읽기 9,15120,8871,2026년 05월
코스피 1만 투자 지도,19800,10113,2026년 05월
다시 오고 싶은 나라,17100,16059,2026년 05월
원펀맨 ONE PUNCH MAN 34,5400,29904,2026년 04월
해커스 Updated 토플 리딩 (Hackers Updated TOEFL READING),26100,49377,2025년 11월
"미적분, 놀라운 일상의 공식",19800,7320,2024년 09월
제철 행복,16020,89385,2024년 04월
죽이고 싶은 아이,11250,79197,2021년 06월
아주 특별한 우리 형,11700,20460,2018년 09월
우리는 언제나 다시 만나,10800,214203,2017년 07월
한 권의 재테크 수업,19800,21027,2026년 04월
2026 황철곤 행정학 실전동형 모의고사 SEASON 2,14400,27852,2026년 04월
내 심장을 쏴라,16200,48876,2026년 02월
2026 한 권으로 끝내는 시나공 컴활 2급 필기+실기 (컴퓨터활용능력 2급),24300,74439,2025년 10월
뿐이 토핑 이유식,26820,76266,2024년 03월
평범한 아이들은 어떻게 최상위권이 되었을까,17550,37806,2026년 04월
딱 50부터 노후 준비합시다,18900,27252,2026년 04월
고래밥 탐험대 : 진짜 보물을 찾아서,13500,12051,2026년 04월
누나의 친구 3,5400,5640,2026년 05월
"팀 켈러, 죄를 말하다",16200,13362,2026년 04월
"2026 권규호 공무원 국어 긴급특강[논리, 강화약화, 고난도 독해]",9900,23154,2026년 04월
류수영의 평생 레시피,22500,347373,2025년 06월
명상록,10800,55698,2018년 04월
해커스 토익 RC Reading(리딩) 기본서,16920,136278,2024년 08월
해커스 보카 Hackers Vocabulary,15210,96456,2025년 04월
캔들차트 하나로 끝내는 추세추종 투자,22500,99945,2026년 01월
초역 부처의 말,16020,220452,2024년 05월
백년허리2 치료편,16650,63858,2021년 05월
달리기를 말할 때 내가 하고 싶은 이야기,13050,123840,2009년 01월
악마에 입문했습니다! 이루마 군 46,5850,6060,2026년 05월
인간을 인간답게 만드는 불완전함에 대하여,19800,9834,2026년 05월
손자병법,11700,142758,2025년 10월
구의 증명,10800,89457,2023년 04월
너무 시끄러운 고독,10800,49938,2016년 07월
나미야 잡화점의 기적,16920,47607,2022년 12월
어둠의 색조 2,16200,6648,2026년 04월
구원에게,16200,24585,2026년 02월
2026 황철곤 행정학 파이널 봉투 모의고사,11700,20391,2026년 04월
하나님의 막내아들,19800,15075,2026년 03월
단 한 번의 삶,15120,205425,2025년 04월
어느 날 문이 사라졌다,12150,31119,2025년 02월
죽이고 싶은 아이 2,12600,65505,2024년 07월
오만과 편견,11700,54792,2003년 09월
전설로 떠나는 월가의 영웅,23400,68988,2021년 07월
해커스 Updated 토플 리스닝 (Hackers Updated TOEFL LISTENING),29700,43758,2025년 11월
불량한 자전거 여행,12420,65913,2024년 12월
팩트풀니스,21420,123192,2024년 09월
내가 생각한 인생이 아니야,16200,19962,2023년 12월
수학의 쓸모,19800,29481,2020년 04월
내 이름은 빨강 1,11700,35619,2019년 10월
불안,16200,58773,2011년 12월
흉담,15300,14754,2026년 04월
Go Go 카카오프렌즈 40 몽골,15210,5340,2026년 05월
엄마를 만나러 가는 길 : 모리의 스티커북,15300,14895,2026년 06월
시한부,15120,93978,2024년 01월
미움받을 용기 (200만 부 기념 스페셜 에디션),14310,62787,2022년 12월
"2027 심승아 Simple, Detail 심테일 소방학개론 1",24300,9438,2026년 05월
2026 해커스공무원 실전동형모의고사 영어 2 12회분 (지방직 9급),17100,24096,2026년 04월
디그 잇 1 더블특전판,6300,31875,2026년 04월
초판본 데미안,2690,88359,2020년 08월
우리가 빛의 속도로 갈 수 없다면,15300,55077,2019년 06월
멋진 신세계,12420,47643,2015년 06월
클로드 코드로 시작하는 실전 에이전틱 코딩,29700,6030,2026년 05월
모든 날들이 행복했으면 좋겠어,16920,18417,2026년 03월
초등 상위 1%를 만드는 위대한 고전 맛보기 : 세계 문학,12600,26271,2026년 03월
편안함의 습격,19800,214098,2025년 06월
왜 나는 너를 사랑하는가,12600,40902,2022년 11월
선량한 차별주의자,15300,38841,2019년 07월
착한 염증 나쁜 염증,18900,11256,2026년 04월
폰더 씨의 위대한 하루,16200,25758,2026년 04월
위대한 개츠비,8100,46992,2003년 05월
3040 부린이 처음 부동산 투자,21600,20625,2026년 04월
투자 불패의 법칙,26820,28080,2026년 03월
2026 심우철 실전 동형 모의고사 Season 2,13500,66753,2026년 02월
2026 위포트 공기업 NCS 통합기본서 (PSAT형+모듈형+피듈형+실전 모의고사),24300,44745,2026년 02월
해커스 토익 LC Listening(리스닝) 기본서,16920,116613,2024년 08월
안녕! 내 친구 코야,25650,46449,2021년 08월
초코송이 상자가 열리면,13500,11544,2026년 04월
AI가 나보다 일을 잘할 때,11700,11676,2026년 03월
"클로드 코워크 with 스킬, 플러그인",23400,18849,2026년 03월
무대 담당과 악역 군 1,6300,4680,2026년 05월
2026 써니 행정법총론 실전동형 모의고사,14400,56694,2026년 02월
지리로 보는 세상의 비밀,17820,12276,2026년 05월
영모단편선 한정판,27000,4980,2026년 06월
"요즘 교사를 위한 에듀테크 5대장 : 캔바, 패들렛, 북크리에이터, 노션, 챗GPT∙제미나이",17820,34761,2025년 12월
시간 유전자,11700,39438,2024년 10월
해커스 JLPT(일본어능력시험)기출단어장 N5-N3,12510,70080,2024년 07월
데일 카네기 자기관리론,10350,75501,2021년 01월
수학 잘하는 아이는 이렇게 공부합니다,17820,8616,2026년 04월
노인과 바다,7200,56490,2012년 01월
여전히 주도주를 사라,20700,19677,2026년 04월
아홉 살에 시작하는 똑똑한 초등신문 4,17550,15606,2026년 05월
규칙파괴자,22500,47037,2026년 01월
미스테이크 밀리어네어,19800,9585,2026년 04월
스토너,15120,148374,2015년 01월
클로드 코드 마스터,32400,15132,2026년 04월
"1,000만 원으로 3년 안에 300만 원 월배당 만들기",20700,59466,2026년 02월
연금 투자 무작정 따라하기,21600,9765,2026년 05월
다만 너이기 때문에,16200,10452,2026년 04월
중3을 위한 고등학교 사용 설명서,18000,18753,2026년 04월
2026 단기 합격 해커스공기업 NCS 통합 기본서(모듈형+피듈형+PSAT형+모의고사 6회분),24300,40434,2026년 01월
빨모쌤의 라이브 영어회화,19800,58395,2024년 04월
컬러 몬스터,13500,32373,2020년 11월
참을 수 없는 존재의 가벼움,15300,79134,2018년 06월
포닝,21420,6078,2026년 05월
굿트레이더 압도적 수익의 주식투자법,22500,25560,2026년 05월
정답은 있다,16200,42957,2026년 02월
파리 잡기 대회,13500,8568,2025년 12월
기분이 태도가 되지 않게 (헬로키티 에디션),16200,118053,2025년 11월
알사탕,13500,59238,2024년 03월
이게 되네? 오픈클로 미친 활용법 50제,21600,14037,2026년 05월
할매,15120,137736,2025년 12월
제로 투 원 (10주년 기념판),16200,86922,2025년 04월
책벌레의 하극상 제5부 - 여신의 화신 10,9000,8766,2026년 04월
2026 김중규 지방·서울9급 동형모의고사 선행정학,15300,19578,2026년 03월
다있소 과학 1,13050,35604,2026년 03월
2026 문동균 한국사 문단속 적중 최종병기 FINAL 모의고사,14400,49302,2026년 01월
불변의 법칙,22500,88080,2024년 02월
내 이름은 빨강 2,11700,30693,2019년 10월
종의 기원,15120,44457,2016년 05월
은하수를 여행하는 히치하이커를 위한 안내서 1,12600,43074,2004년 12월
물고기는 존재하지 않는다,15300,65406,2021년 12월
괜찮지 않아도 괜찮은 이유,16020,4422,2026년 05월
2026 해커스경찰 김민철 경찰학 핵심지문 OX(오엑스),18900,8328,2026년 05월
처음 읽는 삼국지 3,13950,52200,2025년 12월
몬스터 차일드,12420,68793,2021년 09월
푸른 상자 23,5400,4620,2026년 05월
"AI 시대의 질문력, 프롬프트 엔지니어링",24300,67575,2025년 08월
넥서스,25020,133314,2024년 10월
오십에 읽는 주역,15300,42561,2023년 10월
나를 지키는 최소한의 법 이야기,15120,30252,2022년 01월
백년허리1 진단편,16650,47622,2021년 04월
JLPT(일본어능력시험) 한권으로 끝내기 N3,25200,20775,2026년 04월
체리새우 : 비밀글입니다,12150,66315,2019년 01월
초등 국어가 실력입니다,17100,8673,2026년 04월
난장이가 쏘아올린 작은 공,13950,34368,2024년 02월
부자 아빠 가난한 아빠 20주년 특별 기념판,15300,70626,2018년 02월
10대를 위한 JUSTICE 정의란 무엇인가,13500,50427,2014년 11월
박종훈의 미국주식투자 레시피,18000,19302,2026년 04월
오늘도 불안한 엄마들에게,19800,19188,2025년 09월
1학년 한글 떼기,12600,69669,2024년 03월
김재우의 영어회화 100,19800,52644,2023년 07월
불편한 편의점,15120,66024,2021년 04월
비스킷,13320,58062,2023년 09월
최소한의 세계사,20700,4440,2026년 05월
피지컬AI 2026,22500,12705,2026년 04월
네모아저씨의 페이퍼 블레이드 쿼드포스,13500,23955,2026년 04월
2026 고시넷 지역농협 6급 NCS 오픈봉투모의고사,23400,22350,2026년 04월
타몬 군 지금 어느 쪽?! 11,5400,19524,2026년 01월
브로콜리지만 사랑받고 싶어,13500,51171,2021년 12월
동음이의어 말싸움,13500,7380,2026년 04월
저스트.킵.바잉.,22500,27654,2025년 03월
초록쪽으로 이사했습니다,10800,4980,2026년 05월
ETF 투자의 모든 것,18900,151635,2025년 08월
처음부터 시작하는 주식투자 단타전략,18900,43995,2023년 12월
ETS 토익기출 파트별 VOCA 보카,11700,124212,2022년 12월
일본어 무작정 따라하기 완전판,23400,55620,2022년 08월
마흔에 읽는 쇼펜하우어 (300쇄 리커버),15300,85686,2023년 09월
쥬디 할머니,16650,33177,2026년 01월
내가 없던 어느 밤에,12600,78711,2025년 08월
비눗방울 퐁,13500,17784,2024년 11월
성경을 여행하다,20700,11832,2022년 10월
나는 3학년 2반 7번 애벌레,9900,93627,2016년 03월
인생 마지막에 쓰는 주식투자 교과서,22500,74472,2026년 03월
2026 심우철 이것만은 알고 가자,14400,39210,2025년 12월
여름을 한 입 베어 물었더니,12150,79224,2023년 08월
잘했고 잘하고 있고 잘 될 것이다 (아마존 베스트셀러 기념 전면 개정판),16200,54993,2022년 10월
공정하다는 착각,16200,40227,2020년 12월
수학이 필요한 순간,16020,18408,2018년 08월
삐뽀삐뽀 119 이유식,17010,83586,2017년 12월
나의 친구들,16920,26244,2026년 03월
손현보 목사의 항소이유서,16200,9429,2026년 05월
2027 소방직 시험대비 SO NICE 백소나 소방관계법규 1,35100,15039,2026년 04월
고깔모자의 아틀리에 초보 마법사 팩,16200,10167,2026년 04월
존리의 부자되기 습관,18000,49212,2026년 02월
마음을 읽는 감각,17820,47832,2026년 01월
처음 읽는 삼국지 1,13950,49047,2024년 11월
참을 수 없는 존재의 가벼움,11700,33831,2009년 12월
어린 임금의 눈물,13500,39204,2004년 02월
자연은 왜 이토록 단순하면서도 아름다운가,31500,8856,2026년 04월
어느 날 수학이 재밌어졌습니다,15300,4614,2026년 05월
0~3세 기적의 뇌과학 육아,18000,38655,2024년 07월
2026 김헌경 지역사회간호 실전 모의고사 푸러다,10800,4740,2026년 05월
초등 상위 1%를 만드는 위대한 고전 맛보기 : 과학·철학·종교,12600,4020,2026년 05월
2027 심슨 구문,16200,6582,2026년 04월
반우울,15300,12753,2026년 04월
2026 성정혜 영어 단짠 피드백 모의고사 vol.3,15300,18357,2026년 04월
2026 선재국어 결승선 봉투 모의고사,25200,69708,2026년 01월
임신 출산 육아 대백과 최신개정판,17550,69222,2025년 07월
해커스 여행일본어 10분의 기적,8820,85722,2025년 06월
이토록 공부가 재미있어지는 순간,16200,73896,2023년 08월
별정직 공무원 4 특별판,36000,7380,2026년 05월
가르쳐줘 집사 1 한정판,22500,14541,2026년 04월
중하위권 공부법 바이블,18000,12582,2026년 04월
물리박사 김상욱의 수상한 연구실 10,15210,35112,2026년 04월
애태울 정도의 사랑을 알아라 1 더블특전판,6300,19860,2026년 04월
미라클 모닝 After 50,19800,32526,2026년 03월
2026 심우철 실전 동형 모의고사 Season 1,13500,70740,2025년 12월
주술회전 30 일반판,5400,36552,2025년 08월
한 권으로 끝내는 해커스 토익 800+ (LC+RC+VOCA),15930,67809,2025년 05월
처음 읽는 삼국지 2,13950,50160,2025년 04월
"오늘 밤, 세계에서 이 사랑이 사라진다 해도",12600,98664,2021년 06월
지적 대화를 위한 넓고 얕은 지식 1,17100,50301,2020년 02월
백년운동,17550,37932,2019년 11월
우리들의 수사를 시작하겠습니다,13500,22641,2026년 04월
아이의 친구 관계,18000,35304,2026년 03월
"첫 여름, 완주",15300,189102,2025년 05월
다있소 과학 2,13050,4242,2026년 05월
반딧불이의 혼례 10,7650,23748,2026년 04월
침묵의 봄,19800,36639,2024년 04월
소년과 두더지와 여우와 말,19800,84201,2020년 04월
빨강 연필,13500,21000,2011년 05월
호밀밭의 파수꾼,10800,43950,2023년 01월
가짜 환자,16200,6996,2026년 04월
손절사회,18900,10629,2026년 04월
캐릭터 심리 사전,25200,16263,2026년 04월
왕과 사는 남자 각본집,16200,104853,2026년 04월
2026 해커스 전산세무 2급 한권합격 이론+실무+최신기출 12회분+무료특강,28800,6546,2026년 05월
2026 이기적 AI-POT AI 프롬프트활용능력 1급 기본서,26100,10089,2026년 02월
사이토 히토리의 어떻게 살 것인가,11700,49812,2026년 01월
과학 어휘 천재라면,13950,32499,2026년 01월
흔한남매 21,15120,138279,2025년 12월
이처럼 사소한 것들,12420,87411,2023년 11월
"패션, 色을 입다",17820,6204,2023년 05월
넛지: 파이널 에디션,19800,37470,2022년 06월
살육에 이르는 병,13500,12432,2016년 07월
수레바퀴 아래서,7200,30360,2001년 08월
트럼프 골드 쇼크,25200,8706,2026년 04월
2026 김헌경 간호관리 실전 모의고사 푸러다,10800,4440,2026년 05월
2027 소방직 시험대비 SO NICE 백소나 소방관계법규 2,28800,14193,2026년 04월
몬스터 캠핑장,12600,33306,2026년 01월
악수도 없이 헤어졌다,13500,22395,2025년 12월
2026 고시넷 SK하이닉스 Maintenance/Operator 온라인 SKCT 최신기출유형 모의고사,22500,14640,2026년 01월
처음부터 끝까지 고백,15120,45732,2025년 10월
세계를 바꾼 17가지 방정식,18000,13929,2016년 02월
가족이라는 사치,15120,7047,2026년 03월
비스킷 (10만 부 기념 바스락 에디션),14220,4980,2026년 04월
1+1 편의점에 간 나폴레옹,13500,4188,2026년 05월
비밀의 종이 울리면,12420,24633,2026년 03월
영어가 바로 터지는 기적의 말하기 영단어 1000,8100,79854,2025년 04월
"달려라, 아비",13500,21930,2019년 09월
가브리엘의 잉글리시 다이어리,24300,63726,2025년 10월
"필사, 어른이 되는 시간",16650,88671,2025년 07월
구르브 연락 없다,9900,24828,2012년 06월
2026 조태정 영어 백신 모의고사 Season 3,9900,12552,2026년 04월
타몬 군 지금 어느 쪽?! 10,5400,18852,2025년 08월
해커스 JLPT N3(일본어능력시험) 한권합격,24300,63249,2025년 01월
마케팅 설계자,22320,22308,2022년 12월
내가 틀릴 수도 있습니다,16200,77370,2024년 01월
하루 한장 초등 영어 파닉스+발음기호,12600,62172,2022년 01월
관촌수필,15300,14964,2018년 09월
눈물을 마시는 새 세트,59400,50985,2003년 02월
불량한 자전거 여행 5,12420,11601,2026년 04월
어른의 그릇,17100,31824,2026년 02월
경험의 멸종,17820,131391,2025년 05월
사과는 이렇게 하는 거야,15120,35343,2023년 07월
아몬드,15120,38505,2023년 07월
레버리지,16200,38298,2023년 02월
내려놓음,13500,8592,2021년 04월
페인트,13500,47760,2019년 04월
용의자 X의 헌신,16920,45801,2017년 08월
수박 수영장,12600,46089,2015년 07월
스티커,14400,40626,2025년 06월
명료함,17820,36786,2026년 02월
수족관,15930,12678,2023년 12월
미나토 상사 코인 세탁소 3,5850,4761,2026년 05월
향기로운 꽃은 늠름하게 핀다 18 일반판,5400,29340,2026년 02월
2026 유휘운 행정법총론 실전동형 모의고사,9900,31128,2026년 02월
속담 관용어 고사성어 천재라면,13950,43974,2025년 09월
"돈, 뜨겁게 사랑하고 차갑게 다루어라",13500,39108,2023년 09월
자유론,7920,53334,2018년 06월
해커스 아이엘츠 리딩 Hackers IELTS Reading,19710,37410,2024년 08월
투자에 대한 생각,13500,30816,2012년 09월
틀려도 괜찮아,12600,39060,2006년 02월
설국,7200,42216,2002년 01월
AI 버블이 만드는 부채의 종말,19800,9066,2026년 04월
따라 하면 무조건 돈 버는 실전 부동산 경매,21600,3732,2026년 05월
이상한 과자 가게 전천당 : 행운의 갈림길 4,13500,15612,2026년 04월
에이든 국내여행 가이드북,26460,18009,2026년 04월
2026 이동기 영어 실전동형 모의고사 Vol.1: [16회]: 온라인 동영상 강의 무료 제공,22500,36246,2026년 03월
2026 민준호 행정법 실전동형 모의고사 (최최개사기),19800,24018,2026년 01월
원피스 ONE PIECE 113,5850,47910,2026년 01월
2026 유휘운 행정법총론 요약노트+기출문제 (요.플.),31500,85152,2025년 07월
먼저 온 미래,18000,85389,2025년 06월
단 한 줄만 내 마음에 새긴다고 해도,21420,207828,2025년 06월
지도로 보아야 보인다,26820,29685,2024년 07월
해커스 아이엘츠 라이팅 Hackers IELTS Writing,22410,34314,2024년 08월
숨결이 바람 될 때,15120,37476,2016년 08월
꽃들에게 희망을,13500,39135,1999년 09월
스스로 공부하는 아이는 이렇게 키웁니다,17010,42858,2026년 03월
숨은 어린이 찾기,15120,12915,2026년 04월
해리엇,12150,50955,2011년 06월
주술회전 29 일반판,5400,34968,2025년 04월
자산 토큰 없는 미래는 없다,26100,28014,2026년 04월
2026 해커스 금융투자분석사 한권합격 핵심개념+적중문제,30510,4818,2026년 05월
된다! 캡컷 영상 편집,19800,7020,2026년 05월
AI 에이전트 개발 완벽 입문,37800,6468,2026년 04월
너라는 우주,17820,22989,2026년 04월
이상한 나라의 앨리스,10800,16566,2023년 07월
2026 해커스공무원 실전동형모의고사 국어 2 (지방직 9급),19800,14325,2026년 04월
뇌는 어떻게 나를 조종하는가,16920,52404,2026년 01월
탁! 깨달음의 대화,15300,60813,2025년 11월
청춘의 독서,17010,323313,2025년 04월
최악의 최애,12600,21000,2024년 02월
아비투스,19800,54885,2023년 03월
해커스 아이엘츠 스피킹 Hackers IELTS Speaking,22410,32664,2024년 08월
해커스 아이엘츠 리스닝 Hackers IELTS Listening,19710,34836,2024년 08월
강물이 멈춘 날,19800,4236,2026년 04월
권력중독,17100,9927,2026년 04월
반도체 밸류체인 투자,25200,20424,2026년 03월
2026 지혜 국어 지방직 적중의 지혜 5·6월호 파이널,27000,7518,2026년 04월
숨막힐 정도의 사랑을 줄게 6 일반판,5400,7881,2026년 04월
카구라바치 9 더블특전판,5850,18246,2026년 03월
처음 만나는 양자의 세계,17100,75924,2025년 09월
초판본 싯다르타,2690,46905,2025년 02월
요즘 청소년을 위한 화학의 쓸모,13500,8022,2024년 09월
타몬 군 지금 어느 쪽?! 2,5400,11874,2023년 04월
부의 인문학 (20만부 기념 개정증보판),15300,55650,2022년 03월
28시간에 끝내는 토익스피킹 스타트,16110,79995,2025년 03월
연금술사,12150,28149,2001년 12월
어느 멋진 도망,15300,12168,2026년 04월
지도로 보아야 보인다 2,27900,11829,2026년 04월
바쁜 교사를 위한 바로 쓰는 AI,21600,16137,2026년 04월
푸른 사자 와니니,12420,65718,2015년 06월
카난 님은 초보 악마 11,5400,3000,2026년 05월
나는 나답게 죽기로 했습니다,16020,4215,2026년 04월
2026 [직8딴] 김영북스 직접 8일 만에 딴 산업안전기사 필기,34200,23172,2026년 02월
황천의 츠가이 9,5850,16464,2025년 11월
영어책 한 권 외워봤니?,18000,61893,2025년 11월
주술회전 28 일반판,5400,33036,2024년 12월
주술회전 27 일반판,5400,29628,2024년 08월
수학이 생명의 언어라면,16200,18219,2024년 09월
율의 시선,11700,47244,2024년 04월
소유냐 존재냐,12150,49935,2020년 02월
칼의 노래,15300,21324,2014년 01월
돼지책,9900,23400,2001년 10월
인터메초,18900,22455,2026년 02월
사서함 110호의 우편물,15300,35226,2022년 07월
서랍에 저녁을 넣어 두었다,10800,83019,2013년 11월
우리들의 사랑은 알 수가 없어 7,5400,3000,2026년 05월
미나토 상사 코인 세탁소 4,5850,4401,2026년 05월
블랙 클로버 37,5850,7191,2026년 04월
하나님께 붙들린 글로벌 장사꾼,15300,4260,2026년 04월
스파이 패밀리 Spy Family 16,5400,28155,2026년 03월
나는 메트로폴리탄 미술관의 경비원입니다 (25만 부 기념 전면 개정판),16650,33303,2025년 09월
2026 에듀윌 산업안전기사 필기 한권끝장 [이론편+기출문제편],34200,39750,2025년 09월
조용한 회복,19800,61359,2025년 09월
"큰 뜻을 품은 자여, 왜 그 자리에 머물러 있는가",16020,39531,2025년 06월
착! 붙는 일본어 독학 첫걸음,15120,75882,2024년 03월
ETS 토익 정기시험 기출문제집 1000 Vol. 4 RC,17820,221700,2023년 12월
김경일의 마음 트래킹,19800,15666,2026년 03월
2026 해커스공무원 실전동형모의고사 한국사 2 16회분 (지방직 9급),17100,13353,2026년 04월
2026 헝그리스포츠 스포츠지도사 보디빌딩 실기·구술 (5종 자격증 포함) + 100% 무료강의,26100,14076,2026년 03월
2026 에듀윌 산업안전기사 실기 한권끝장+무료특강 [필답형+작업형],37800,12207,2026년 01월
별빛관 비밀 친구,13500,15633,2025년 09월
어른의 관계를 가꾸는 100일 필사 노트,18000,82497,2025년 09월
특이점이 온다,37800,20574,2025년 03월
"2025·2026 큰별쌤 최태성의 별별한국사 한국사능력검정시험 기본(4,5,6급)",17550,84846,2024년 12월
주술회전 26 일반판,5400,30390,2024년 06월
감정 호텔,13500,65493,2024년 02월
ETS 토익 정기시험 기출문제집 1000 Vol. 4 LC,17820,213942,2023년 12월
내면소통,29700,46773,2023년 02월
타몬 군 지금 어느 쪽?! 1,5400,12204,2023년 01월
여름,10800,36393,2020년 08월
꾸준함을 기르는 일,16200,8967,2026년 04월
도스토옙스키 번역 일기,25200,4425,2026년 05월
생각의 도약,16200,38811,2025년 01월
미지와 무지,12600,8496,2026년 04월
2026 변민재 교육학 화룡점정 파이널 모의고사,25000,11808,2026년 04월
미국은 왜 전쟁을 멈추지 못하는가,22500,16524,2026년 02월
정승제의 수학 대모험 2,14400,24129,2026년 03월
2026 지텔프 공식 기출문제집 7회분 Level 2,22410,25128,2026년 02월
누구나 투자로 부자가 될 수 있다,18000,24960,2025년 11월
석가모니가 아들러를 만났을 때,16920,11766,2025년 11월
주식투자 단기 트레이딩의 정석,29700,32928,2025년 09월
5일 완성 토익스피킹 실전 모의고사 25회,23400,35460,2025년 07월
한 권으로 끝내는 해커스 토익 900+ (LC+RC+VOCA),15930,50955,2025년 06월
이렇게 작지만 확실한 행복,14400,17826,2024년 06월
모모 MOMO,19800,48843,2024년 03월
청소년을 위한 경제의 역사,15300,39333,2024년 01월
환생꽃,11700,20490,2023년 07월
똑게육아,19980,58740,2022년 02월
담을 넘은 아이,12600,44007,2019년 07월
아홉 살 마음 사전,11700,49428,2017년 03월
고도를 기다리며,8100,31959,2000년 11월
한번 시작하면 잠들 수 없는 세계사,16920,44844,2025년 12월
도시전설 선배 1,6300,4896,2026년 05월
그리스 로마 신화 50,15210,8166,2026년 04월
2027 해커스공무원 신민숙 쉬운국어 한 권으로 끝(9급 공무원),19800,5010,2026년 05월
맥체인 수업,28800,13326,2026년 05월
2026 스티마 면접 국가직 9급,33000,8832,2026년 04월
한 권으로 끝내는 합격 생기부 탐구력,21600,19833,2026년 03월
청춘의 투자 1,20700,7470,2026년 03월
왜 중독에 빠지는 걸까?,13500,10878,2025년 12월
2026 알기사 정보보안기사(산업기사) 필기+핵심기출 1200제,45000,17358,2025년 10월
호의에 대하여,16920,237960,2025년 08월
2026 이기적 컴퓨터활용능력 2급 필기+실기 올인원,26100,51039,2025년 08월
ETS 토익 단기공략 650+ (LC+RC),17550,49875,2025년 07월
황천의 츠가이 7,5850,11910,2025년 01월
행운이 구르는 속도,11700,49485,2024년 09월
열다섯에 곰이라니 2,13500,19338,2024년 08월
해커스 일본어 JLPT N4 (일본어능력시험) 한 권으로 합격,24210,41583,2024년 07월
아픔이 길이 되려면,16200,20910,2017년 09월
최고의 주식 최적의 타이밍,17820,24180,2012년 06월
축적과 발산,16650,3420,2026년 05월
연금 부자 되는 에너지 투자,19800,14019,2026년 03월
JLPT(일본어능력시험) 한권으로 끝내기 N2,25200,15354,2026년 03월
질서의 소멸,18000,39105,2026년 03월
행동하지 않으면 인생은 바뀌지 않는다,15210,105885,2024년 11월
초역 니체의 말,14220,31911,2022년 08월
2027 써니 행정법총론 행정법으로의 초대,4500,3510,2026년 05월
기획된 내란,15300,49962,2026년 04월
방귀 요정 뿡뿌 1,12600,10761,2026년 02월
2026 선재국어 신유형 매일 국어 시즌 4 전 범위 반쪽 모의고사,15300,27963,2026년 01월
2026 써니 행정법총론 단원별 모의고사,19800,37941,2025년 12월
황천의 츠가이 8,5850,17358,2025년 06월
퓨처 셀프 30만 부 기념 스페셜 에디션,19800,96603,2024년 09월
불안 세대,22320,44181,2024년 07월
원칙으로 수익 내는 단타의 기술,19800,18006,2024년 05월
부의 추월차선 (10주년 스페셜 에디션),15750,45762,2022년 02월
프레임,19800,29037,2024년 09월
삐뽀삐뽀 119 소아과,26820,41589,2016년 07월
페스트,12600,24315,2011년 03월
변신 시골의사,7650,24816,1998년 08월
강아지똥,12600,35271,1996년 04월
희망,17820,31515,2020년 06월
주식 단타 특공대,19800,8820,2026년 05월
JLPT(일본어능력시험) 한권으로 끝내기 N1,25200,13068,2026년 03월
이상한 과학책,16920,72432,2025년 11월
히티드 라이벌리,18900,6942,2026년 07월
2027 LEET 대비 파이널 엄선 모의고사 언어이해 3회분,26600,7569,2026년 04월
찍히지 않습니다 5,5850,12657,2026년 04월
내가 돈을 벌고 있다는 착각,17820,25047,2026년 02월
2026 써니 행정법총론 핵심집약,28800,82362,2025년 07월
마침내 특이점이 시작된다,27000,69972,2025년 06월
주술회전 25 일반판,5400,29148,2024년 02월
세상의 마지막 기차역,15120,60627,2022년 05월
한국단편소설 50,16920,74121,2021년 10월
회복탄력성,13320,39123,2019년 03월
코스모스,45000,26640,2004년 12월
스파클,13500,54996,2025년 04월
"바로바로 클로드 with 코워크, 스킬, 클로드 코드, 디자인",25200,2880,2026년 05월
스트리트 스마트,29700,6288,2026년 05월
우리는 언제 어른이 되는가,18000,9897,2026년 04월
수학이 쉬워지는 최소한의 세계사,16200,15507,2026년 04월
질문으로 똑똑해지는 초등 지식 백과,15300,28089,2026년 03월
재미있고 빠른 첫 한자 쓰기 (8급),9900,3930,2026년 04월
사카모토 데이즈 25 더블특전판,5850,32040,2026년 02월
일본 광고 카피 도감,16920,37770,2026년 01월
공감에 관하여 (가족 에디션),16200,57165,2025년 11월
어른의 품위,17550,58494,2025년 10월
2026 황철곤 행정학 패스프레소,18900,39555,2025년 09월
여름은 고작 계절,15750,43914,2025년 06월
순간을 달리는 할머니 1,16200,34770,2025년 06월
어스플러스 1 : 어스플러스 탐험대 플루,14220,22944,2025년 04월
해리 포터와 마법사의 돌 2,11250,36144,2024년 11월
이반 일리치의 죽음,10800,30087,2023년 12월
사랑해 사랑해 사랑해,11520,34893,2021년 12월
원칙 PRINCIPLES,31500,23850,2018년 06월
희랍어 시간,11700,41016,2011년 11월
파란 파란,13500,12765,2026년 04월
행동이 실력이다,16200,16758,2026년 03월
다 모여 편의점,13500,18108,2026년 03월
야노 군의 평범한 나날 11,5400,2640,2026년 05월
던전에서 만남을 추구하면 안 되는 걸까 21,10800,2580,2026년 05월
2027 이유진 국어 독해 알고리즘 기출 분석,17100,4290,2026년 05월
다시 하면 되지 뭐,13500,15441,2026년 04월
2026 황철곤 행정학 기출 오마주 500제,22500,26064,2025년 12월
트렌드 코리아 2026,18000,384861,2025년 09월
영어가 바로 터지는 기적의 말하기 영어회화 패턴 1000,8100,57060,2025년 08월
현명한 투자자,25200,39567,2025년 06월
비폭력대화,18000,36429,2024년 08월
행복의 기원,19800,43686,2024년 05월
미적분의 쓸모,17550,22128,2022년 05월
어디 있을까? 숨은그림찾기 1000,7920,67209,2022년 05월
한 권으로 끝내는 해커스 토익 700+ (LC+RC+VOCA),17820,69927,2025년 01월
지구 끝의 온실,16650,29232,2021년 08월
시녀 이야기 + 증언들 세트,25200,4740,2020년 01월
면도날,13500,31011,2009년 06월
사과가 쿵!,9900,34902,2006년 07월
오독의 발견,16920,12111,2026년 04월
서경석의 한국사 한 권,16920,127323,2025년 07월
클로드 코드를 활용한 바이브 코딩 완벽 입문,23400,21960,2026년 03월
내 마음의 구멍,16200,13329,2026년 01월
쇼펜하우어 인생수업 2 : 한 번뿐인 삶 이렇게 살아라,15750,36597,2025년 05월
언젠가 우리가 같은 별을 바라본다면,10800,41265,2021년 12월
해커스 일본어 JLPT N5 (일본어능력시험) 한 권으로 합격,24210,42054,2024년 07월
『연금 투자 무작정 따라하기』 김성일 저자 강연회,5000,3180,2026년 04월
일본 여행에 진심인 편,17820,7245,2026년 04월
한눈에 보는 AI 반도체 산업,23400,8754,2026년 03월
3월의 벽력 1,5400,11934,2026년 03월
된다! 하루 만에 끝내는 제미나이 활용법,18000,74778,2025년 11월
2026 한 권으로 끝내는 시나공 컴활 1급 필기+실기(컴퓨터활용능력 1급),36000,35148,2025년 10월
해리 포터와 마법사의 돌 1,11250,38364,2024년 11월
해독 혁명,16650,42210,2024년 06월
역행자 확장판,17550,28146,2023년 05월
설득의 심리학 1,28800,30831,2023년 04월
클라라와 태양,15300,19974,2021년 03월
주술회전 0 (외전),5400,22362,2019년 04월
주술회전 3,5400,22008,2019년 04월
그릿 (50만 부 판매 기념 리커버 골드에디션),16200,49806,2019년 02월
세상에서 제일 재밌는 종이접기,12600,46119,2018년 08월
회색 인간,11700,56451,2017년 12월
소년이 그랬다,9000,11823,2014년 05월
죄와 벌 1,9900,38865,2012년 03월
100층짜리 집,8550,43755,2009년 06월
Again! 뒤집어본 영문법,13410,56226,2006년 05월
자기 앞의 생,14400,37326,2003년 05월
AI 실전 마스터 칼릭스의 프롬프트 디테일,19800,7554,2026년 04월
월급쟁이 루지 부의 설계,20700,11739,2026년 04월
우리가 사랑한 도시,15750,20361,2026년 03월
세계척학전집 : 싸움의 교양 편,19800,3300,2026년 05월
약속의 세대,16200,17838,2026년 03월
500가지 건축으로 읽는 세계사,22500,16305,2026년 03월
만복이네 떡집,11700,50265,2010년 05월
『각자의 우주』 정영한 저자 북토크,5000,2550,2026년 05월
코믹 어둠의 실력자가 되고 싶어서! 14,4500,2580,2026년 05월
2026 LH한국토지주택공사 NCS 직업기초능력평가 FINAL 봉투모의고사(5급·6급),15300,3855,2026년 04월
에듀윌 부산시 통합채용+부산교통공사 실전모의고사(NCS 5회+관계법령 2회+전공 1회+무료특강),22500,11730,2026년 04월
2026 프로야구 가이드북,26100,25479,2026년 04월
청춘의 투자 2,18000,6018,2026년 03월
2026 해커스군무원 실전동형모의고사 국어 16회분 (9·7급 군무원),20610,9378,2026년 02월
반복의 쓸모,17820,16782,2026년 02월
친밀한 가해자,12600,18351,2026년 01월
해커스 Updated 토플 리스닝 베이직 (Hackers Updated TOEFL LISTENING BASIC),20700,14403,2025년 11월
상처받지 않는 영혼 (10주년 기념판),15120,24594,2025년 06월
타몬 군 지금 어느 쪽?! 9,5400,15684,2025년 04월
컬러 몬스터 : 감정의 구급상자,13500,16485,2024년 03월
주술회전 24 일반판,5400,24648,2023년 12월
향기로운 꽃은 늠름하게 핀다 1,5400,23544,2023년 08월
주술회전 21 일반판,5400,24126,2022년 12월
데일리 필로소피,16200,43197,2021년 12월
문학을 열다 세트,67500,41502,2020년 09월
구름빵,11700,24402,2019년 12월
지리의 힘,18000,34569,2016년 08월
오월의 달리기,10800,32886,2013년 05월
무진기행,9900,19551,2007년 08월
무비랜드 메이킹북,19800,12840,2026년 04월
생각이 보이는 교실 2,20000,13743,2026년 03월
마법천자문 70,14310,26046,2026년 03월
"인테리어, 호구 안 당하는 체크리스트",24750,11022,2026년 03월
2026 [직8딴] 김영북스 직접 8일 만에 딴 산업안전기사 실기 (필답형+작업형),34200,15786,2026년 04월
긴키 지방의 어느 장소에 대하여,15120,49845,2025년 04월
단 3개의 미국 ETF로 은퇴하라,17820,82713,2025년 03월
태도에 관하여 (20만 부 기념 완결판),16200,47394,2024년 09월
영어로 문장 만들기 훈련 1차 임계점,19800,66579,2024년 07월
황천의 츠가이 5 일반판,5850,11034,2024년 03월
주술회전 4,5400,22350,2019년 05월
언어의 온도,12420,27795,2016년 08월
왜 세계의 절반은 굶주리는가?,11520,34056,2016년 03월
감정에 이름 붙이기,16200,11949,2026년 04월
2027 김중규 원픽 선행정학,24300,2484,2026년 05월
부자 되기의 과학,15120,5184,2026년 05월
2027 LEET 대비 파이널 엄선 모의고사 추리논증 3회분,26600,6810,2026년 04월
"원큐패스 서경석 한국사능력검정시험 심화 기출문제집 (저자 직강 무료 동영상, 제77회 기출문제 수록)",16200,11118,2026년 04월
하이엔드 아비투스,17820,7410,2026년 05월
비실비실 선생님 12,5850,19107,2026년 04월
읽으면서 바로 써먹는 어린이 공포의 수학 퍼즐 2,11700,38382,2025년 12월
맞춤법 천재라면,13500,57156,2025년 06월
가난한 찰리의 연감,29700,28074,2024년 11월
황천의 츠가이 6 일반판,5850,8202,2024년 08월
가시고기,15300,42738,2024년 02월
향기로운 꽃은 늠름하게 핀다 6,5400,22194,2024년 02월
용선생 교과서 세계사 2,14400,52932,2023년 12월
황천의 츠가이 4 일반판,5850,11160,2023년 10월
당연하게도 나는 너를,12150,39180,2023년 03월
황천의 츠가이 1,5850,11832,2022년 08월
나는 나로 살기로 했다 (영미권 출간기념 특별판),15750,33576,2022년 02월
주술회전 2,5400,22497,2019년 03월
7년의 밤,16650,18072,2011년 03월
파이로매니악 1,19800,8580,2026년 04월
전생했더니 슬라임이었던 건에 대하여 이문 ~마국에 사는 트리니티~ 11,6300,2340,2026년 05월
2027 김영북스 공부돼지 벼락치기 한능검 한국사능력검정시험 심화(1·2·3급),26100,2964,2026년 05월
2026 김건호 헌법 찐합격노트,35000,8862,2026년 05월
변호사 어벤저스 11,14220,10074,2026년 04월
노릇노릇 딴생각을 구웠어,12150,4287,2026년 04월
"내가 연인이 될 수 있을 리 없잖아, 무리무리! (※무리가 아니었다?!) 단편집",9450,8199,2026년 04월
예수님과 한 달 살기,13500,8142,2026년 04월
힘껏 사랑하고 듬뿍 사랑받기를,16200,4170,2026년 05월
양배추를 응원해 주세요,11520,15330,2026년 03월
나도 상처 받지 않고 친구도 상처 받지 않는 감정 표현 연습,13500,25797,2026년 02월
시대예보: 경량문명의 탄생(시리즈 30만부 기념 리커버 한정판),19800,133602,2025년 09월
엄마를 만나러 가는 길 2,16020,31941,2025년 08월
아이의 어휘력을 위한 66일 필사 노트,16650,70938,2025년 04월
독끝 NCS 문제해결능력 자원관리능력 460제,29700,31512,2025년 03월
수학의 언어로 세상을 본다면,16020,4995,2024년 11월
해피버쓰데이,15300,23055,2024년 12월
돈에 대해 생각하고 또 생각하라,15300,3918,2024년 10월
내 언어의 한계는 내 세계의 한계이다,16920,28020,2024년 05월
향기로운 꽃은 늠름하게 핀다 7,5400,22584,2024년 03월
황천의 츠가이 3 일반판,5850,10830,2023년 05월
주술회전 22 일반판,5400,23916,2023년 05월
황천의 츠가이 2 일반판,5850,11220,2022년 12월
주술회전 20 일반판,5400,22908,2022년 10월
뭐가 다를까? 다른그림찾기 1000,7920,43575,2022년 05월
진짜 쓰는 실무 엑셀,18900,73107,2022년 02월
장송의 프리렌 1,5400,15366,2021년 11월
주술회전 10 일반판,5400,20808,2020년 12월
주술회전 9,5400,20064,2020년 11월
주술회전 7,5400,21072,2019년 12월
주술회전 5,5400,21282,2019년 07월
방구석 미술관,16020,30528,2018년 08월
"첫 여름, 완주 : 읽는 소설",15300,12708,2026년 01월
우리 세희,13500,2280,2026년 05월
학습을 바꾸는 골든타임,17820,4056,2026년 05월
돈 주운 자의 최후,12600,13926,2026년 03월
포켓몬 대도감 1020+,13500,8937,2026년 03월
너구리 라면 가게 2,12600,15834,2026년 03월
어린이 같은 말 다른 뜻 사전,16020,29385,2026년 01월
2026 시대에듀 한국실용글쓰기 실제 기출로 끝내기,18000,31761,2026년 02월
정승제의 수학 대모험 1,14400,45975,2025년 11월
2026 심슨 문법 300제,14400,36231,2025년 10월
말뚝들,15120,43056,2025년 08월
어스플러스 2 : 엘리킹을 찾아라,14220,19656,2025년 04월
초역 부처의 말 필사집,19800,60144,2025년 03월
타몬 군 지금 어느 쪽?! 8,5400,11190,2024년 11월
역사의 쓸모,16200,37356,2024년 07월
향기로운 꽃은 늠름하게 핀다 5,5400,20484,2024년 01월
해커스 일본어 상용한자 2136,21600,40626,2024년 03월
향기로운 꽃은 늠름하게 핀다 2,5400,22542,2023년 10월
강남은 거대한 정신 병동이다,15000,4080,2023년 09월
주술회전 23 일반판,5400,24534,2023년 08월
ETS 토익 단기공략 850+ (LC+RC),17550,44004,2022년 06월
마음 소화제 뻥뻥수,12600,11676,2021년 11월
주술회전 8,5400,20202,2020년 10월
어린 왕자 오리지널 초판본,2880,59694,2020년 09월
원씽 THE ONE THING,15120,49023,2013년 08월
천년의 사랑,13500,16038,2013년 04월
기분을 말해 봐!,11700,24207,2011년 07월
보도 섀퍼의 돈,15030,19182,2011년 05월
달콤 쌉싸름한 초콜릿,11700,22143,2004년 10월
여러 개의 북을 두드리며,17820,4116,2026년 04월
넛지 디자인,17820,3828,2026년 05월
이너뷰티 리추얼,17100,10716,2026년 05월
차이나 반도체 라이징,26550,5850,2026년 04월
바빌론 부자들의 지혜,15120,4704,2026년 05월
플레이스 설계자,17100,9303,2026년 04월
2026 이진욱 세무사의 국세청 세무직 공무원 실무면접 가이드 : 국세편,16200,2580,2026년 05월
드래곤 퀘스트 다이의 대모험 -용사 아방과 옥염의 마왕- 12,5400,6996,2026년 04월
조선은행,23400,1623,2026년 05월
우산도 우산이 필요해,13500,8418,2026년 04월
2027 심우철 영기싹: 영어 기초 싹쓸이,27000,6426,2026년 04월
어린이를 위한 사피엔스 이야기,16920,13626,2026년 04월
오무라이스 잼잼 16,18900,16809,2026년 04월
바닷바람과 용의 보금자리 1,6300,14970,2026년 03월
잃어버린 건 없는지 잊은 건 아닌지,13500,9378,2026년 03월
2026 권규호 국어 시나리오 공무원 모의고사2,31500,13650,2026년 01월
"질문하는 방법, 어떻게 가르칠까?",17100,17040,2025년 12월
흔한남매의 흔한 호기심 14,15120,41046,2025년 12월
해커스 Updated 토플 리딩 베이직 (Hackers Updated TOEFL READING BASIC),20700,17049,2025년 11월
이병한의 테크노-차이나 탐문,16200,21162,2025년 11월
거인을 읽다,22500,37938,2025년 10월
2026 에듀윌 전기기사 필기 7+3개년 기출문제집,29700,16452,2025년 09월
독끝 NCS 통합기본서 (PSAT형+모듈형+피듈형) 공기업 대비,26100,48747,2026년 02월
엄마를 만나러 가는 길 1,16020,32121,2025년 08월
고전이 답했다 마땅히 가져야 할 부에 대하여,16020,105501,2025년 07월
2025 해커스 LH 한국토지주택공사 NCS+전공 봉투모의고사,21600,8115,2025년 06월
순간을 달리는 할머니 2,16200,30318,2025년 06월
초판본 오만과 편견,4950,33132,2025년 03월
멋진 신세계,10800,19449,2024년 11월
파과 (리커버),16020,59448,2018년 04월
착! 붙는 중국어 독학 첫걸음,15120,32223,2024년 03월
공존하는 소설,15300,13266,2023년 09월
당신은 결국 무엇이든 해내는 사람,15300,30384,2022년 04월
"디바인 매트릭스, 느낌이 현실이 된다",14220,13179,2021년 06월
밝은 밤,15300,35487,2021년 07월
주술회전 6,5400,20904,2019년 09월
주술회전 1,5400,23277,2019년 03월
해커스 아이엘츠 리딩 베이직 (Hackers IELTS Reading Basic),18810,27237,2024년 01월
모리와 함께한 화요일,13500,17949,2017년 06월
시지프 신화,10800,32076,2016년 06월
앵무새 죽이기,14220,24981,2015년 06월
죄와 벌 2,9900,36195,2012년 03월
그리스인 조르바,13320,19068,2009년 12월
러브 온 더 락,11700,18870,2026년 04월
김민식의 내 몸을 바꾸는 평생 루틴,18000,10932,2026년 04월
네가 어떤 삶을 살든 나는 너를 응원할 것이다 1,17100,2538,2026년 05월
2027 신광은 형사법 형법 각론 기출 OX 선택형,43700,4929,2026년 05월
패배히로인이 너무 많아! @comic 4,6300,5271,2026년 04월
라이라이라이 6 더블특전판,6300,9408,2026년 04월
타키 포오 얼렁뚱땅 상식스쿨 9,14220,9657,2026년 04월
2026-2027 이진욱 세무사의 공무원 지방세법 기출플러스,27000,21498,2026년 04월
영어 단어의 톤과 의미 차이,22500,16113,2026년 04월
2026 해커스 투자자산운용사 한권합격 핵심개념+적중문제+공식노트,34110,11319,2026년 03월
설민석의 한국사 대모험 36,14400,30078,2026년 02월
시험 문해력 잡는 어휘 사전,19800,18879,2026년 02월
2026 해커스 전산회계 1급 3주 합격 이론+실무+최신기출 12회분+무료특강,27900,13605,2026년 01월
카구라바치 8 더블특전판,5850,22632,2025년 11월
2026 해커스 신용분석사 1부 한권합격 이론+적중문제+모의고사,26100,15267,2026년 01월
치즈 이야기,15300,48432,2025년 07월
사는 동안 틈틈이 행복합시다,16020,51471,2025년 05월
과자 사면 과학 드립니다,13500,44883,2025년 04월
타몬 군 지금 어느 쪽?! 7,5400,10920,2024년 07월
최민준의 아들코칭 백과,16920,27630,2023년 08월
생각이 보이는 교실,18000,32901,2023년 05월
창조적 행위,17820,18942,2023년 07월
도둑맞은 집중력,16920,40392,2024년 06월
불편한 편의점 2,15120,31833,2022년 08월
주술회전 19 일반판,5400,21744,2022년 06월
주술회전 17 일반판,5400,21372,2021년 11월
운명을 바꾸는 감정의 비밀,17820,8292,2026년 04월
너의 나쁜 무리,15300,13614,2026년 04월
원미동 사람들,11700,20970,2012년 12월
파이로매니악 2,19800,8064,2026년 04월
바이브 코더를 위한 최소한의 AI/IT 지식,19800,6003,2026년 04월
요즘 교사를 위한 에듀테크 수업 활용 가이드 with 2022 개정 교육과정,21600,10353,2026년 04월
너에게 들려주는 꿋꿋한 말,16200,59880,2025년 07월
마인드셋 (리커버 에디션),18000,31152,2023년 01월
『이너뷰티 리추얼』 UNA(최윤하) 저자 북토크,10000,16500,2026년 04월
학원 베이비시터즈 27,5400,7581,2026년 04월
"예슈아, 그는 그리스도",17550,3060,2026년 03월
독학이라는 세계,16020,7929,2026년 04월
초등 과학 진짜 문해력 3-1,12600,15837,2026년 03월
사춘기는 처음이라,17100,22278,2026년 03월
우리 사이 한 뼘 반,12600,26088,2026년 03월
2026 황철곤 행정학 실전동형 모의고사 SEASON 1,14400,24360,2026년 02월
필연적 혼자의 시대,17100,20319,2026년 01월
리얼 도쿄,18900,12006,2026년 01월
거의 모든 것의 역사 2.0,25200,15867,2026년 01월
프로이트의 감정수업,16200,51429,2025년 11월
국보 : 상 · 청춘 편,16200,11814,2025년 11월
산만한 아이를 위한 본질육아,19800,24780,2025년 10월
왜 당신은 태도가 아니라 인생을 탓하는가,14400,17967,2025년 10월
가공범,19800,135222,2025년 07월
고양이 해결사 깜냥 8,12600,76656,2025년 06월
빛과 실,13500,76689,2025년 04월
일의 감각,19800,35574,2024년 11월
달샤베트,13500,26325,2024년 06월
향기로운 꽃은 늠름하게 핀다 8,5400,21582,2024년 05월
향기로운 꽃은 늠름하게 핀다 4,5400,20694,2024년 01월
부분과 전체,20700,19083,2023년 06월
10일 만에 끝내는 해커스 OPIc 오픽 Advanced 공략,22500,45078,2023년 10월
건전지 엄마,13500,25536,2023년 04월
주술회전 18 일반판,5400,20850,2022년 02월
아이주도 이유식 유아식 매뉴얼 세트,21150,22662,2021년 08월
햇빛초 대나무 숲에 새 글이 올라왔습니다,13050,46953,2020년 08월
스크루테이프의 편지,11700,34242,2018년 11월
해커스 아이엘츠 스피킹 베이직 (Hackers IELTS Speaking Basic),20610,25542,2024년 06월
해커스 아이엘츠 리스닝 베이직(Hackers IELTS Listening Basic),18810,26265,2024년 06월
해커스 아이엘츠 라이팅 베이직 (Hackers IELTS Writing Basic),20610,25434,2024년 02월
타이탄의 도구들 (블랙 에디션),16200,37032,2022년 06월
리틀 라이프 1,13320,25911,2016년 06월
영어순해 4th Edition,18900,46428,2011년 02월
무지개 물고기,14400,18510,1994년 04월
"한자, 문명의 무늬",45600,3075,2026년 05월
파이로매니악 3,19800,8046,2026년 04월
화조풍월 12,6300,1980,2026년 05월
2027 해커스경찰 신동욱 경찰헌법 기출문제집 (경찰공무원),55800,3276,2026년 05월
고기 장수 박세죽(김해원 작가 친필 사인본),13500,2991,2026년 04월
2027 해커스공무원 이명호 올인원 관세법(관세직 9급·7급),38700,3486,2026년 04월
타마의 포상 7,4500,5880,2026년 04월
Go Go 카카오프렌즈 자연탐사 15 유라시아 대초원,15210,16980,2026년 04월
2027 설보연 SANTA 교육학 단권화,36000,17259,2026년 04월
옆자리 녀석이 그런 눈으로 쳐다본다 2,6300,15225,2026년 04월
학교에서 바로 쓰는 제미나이 & 노트북LM,17100,11211,2026년 04월
2026 박문각 공무원 강성빈 행정법총론 FINAL 적중모의고사(지방직),17100,7170,2026년 04월
중년에 지친 밤에는,16200,10254,2026년 03월
디지털로 쉬워지는 개념 기반 탐구 학습 (AI 에듀테크 수업 가이드),19000,7167,2026년 03월
JLPT(일본어능력시험) 한권으로 끝내기 N4,25200,12000,2026년 03월
1등급을 위한 중1 교과서 개념 한자,17100,7404,2026년 04월
중국어 명대사 필사집,17820,22716,2026년 03월
이지패스 2026 SQLD SQL 개발자,23400,18921,2026년 01월
텐배거 포트폴리오,19800,54846,2025년 12월
2026 해커스 신용분석사 2부 한권합격 이론+적중문제+모의고사,26100,15474,2026년 01월
외롭다면 잘 살고 있는 것이다,16200,36702,2025년 11월
고깔모자의 아틀리에 14,5400,8619,2025년 10월
2026 에듀윌 제과·제빵기능사 필기 한권끝장 기출복원모의고사 25회분,18000,19155,2025년 10월
